<?xml version="1.0" encoding="UTF-8" standalone="yes"?>
<w:document xmlns:ve="http://schemas.openxmlformats.org/markup-compatibility/2006" xmlns:o="urn:schemas-microsoft-com:office:office" xmlns:r="http://schemas.openxmlformats.org/officeDocument/2006/relationships" xmlns:m="http://schemas.openxmlformats.org/officeDocument/2006/math" xmlns:v="urn:schemas-microsoft-com:vml" xmlns:wp="http://schemas.openxmlformats.org/drawingml/2006/wordprocessingDrawing" xmlns:w10="urn:schemas-microsoft-com:office:word" xmlns:w="http://schemas.openxmlformats.org/wordprocessingml/2006/main" xmlns:wne="http://schemas.microsoft.com/office/word/2006/wordml"><w:body><w:p w:rsidR="003F0724" w:rsidRDefault="003F0724" w:rsidP="009D48A6"><w:pPr><w:jc w:val="right"/></w:pPr></w:p><w:p w:rsidR="00FF4636" w:rsidRDefault="00FF4636" w:rsidP="009D48A6"><w:pPr><w:jc w:val="right"/></w:pPr></w:p><w:p w:rsidR="00FF4636" w:rsidRDefault="00FF4636" w:rsidP="009D48A6"><w:pPr><w:jc w:val="right"/></w:pPr></w:p><w:p w:rsidR="00FF4636" w:rsidRDefault="00FF4636" w:rsidP="009D48A6"><w:pPr><w:jc w:val="right"/></w:pPr></w:p><w:p w:rsidR="00FF4636" w:rsidRDefault="00FF4636" w:rsidP="009D48A6"><w:pPr><w:jc w:val="right"/></w:pPr></w:p><w:p w:rsidR="009D48A6" w:rsidRDefault="00386694" w:rsidP="009D48A6"><w:pPr><w:jc w:val="right"/></w:pPr><w:r><w:t xml:space="preserve"> August</w:t></w:r><w:r w:rsidR="006126FC"><w:t xml:space="preserve"> 1</w:t></w:r><w:r w:rsidR="006126FC" w:rsidRPr="006126FC"><w:rPr><w:vertAlign w:val="superscript"/></w:rPr><w:t>st</w:t></w:r><w:r w:rsidR="006126FC"><w:t xml:space="preserve"> </w:t></w:r><w:r w:rsidR="009D48A6"><w:t>2012</w:t></w:r></w:p><w:p w:rsidR="009D48A6" w:rsidRDefault="009D48A6" w:rsidP="009D48A6"><w:r><w:t xml:space="preserve">Dear Dr. </w:t></w:r><w:r w:rsidR="005C0D70"><w:t>Mcgovern Center Fax</w:t></w:r><w:r><w:t>:</w:t></w:r></w:p><w:p w:rsidR="009D48A6" w:rsidRDefault="009D48A6" w:rsidP="009D48A6"><w:r><w:t>Loc</w:t></w:r><w:r w:rsidR="00806A5B"><w:t>ated on the Cornell University c</w:t></w:r><w:r><w:t xml:space="preserve">ampus, our research team is conducting a study aiming to find ways to increase patient spending on podiatric medicine and help improve physician compensation; of particular interest is increasing patient adoption of foot orthotics. </w:t></w:r></w:p><w:p w:rsidR="009D48A6" w:rsidRDefault="009D48A6" w:rsidP="009D48A6"><w:r><w:t xml:space="preserve">Please visit </w:t></w:r><w:r w:rsidRPr="009256F3"><w:t>http://www.myorthotics.info</w:t></w:r><w:r><w:t xml:space="preserve"> to fill out our 2-3 minute research survey. </w:t></w:r></w:p><w:p w:rsidR="009D48A6" w:rsidRDefault="009D48A6" w:rsidP="009D48A6"><w:r><w:t>Your input is vital to the succ</w:t></w:r><w:r w:rsidR="00FD770F"><w:t xml:space="preserve">ess of our study and to </w:t></w:r><w:proofErr w:type="gramStart"/><w:r w:rsidR="00FD770F"><w:t>helping</w:t></w:r><w:proofErr w:type="gramEnd"/><w:r w:rsidR="00FD770F"><w:t xml:space="preserve"> </w:t></w:r><w:r><w:t>us find innovati</w:t></w:r><w:r w:rsidR="0022445D"><w:t xml:space="preserve">ve ways to improve podiatric care and the reimbursement to podiatrists. </w:t></w:r></w:p><w:p w:rsidR="0022445D" w:rsidRDefault="0022445D" w:rsidP="009D48A6"/><w:p w:rsidR="0022445D" w:rsidRDefault="0022445D" w:rsidP="009D48A6"><w:r><w:t xml:space="preserve">Thank you, </w:t></w:r></w:p><w:p w:rsidR="0022445D" w:rsidRDefault="00C64500" w:rsidP="009D48A6"><w:r><w:rPr><w:noProof/></w:rPr><w:drawing><wp:inline distT="0" distB="0" distL="0" distR="0"><wp:extent cx="2854325" cy="659765"/><wp:effectExtent l="19050" t="0" r="3175" b="0"/><wp:docPr id="1" name="Picture 1"/><wp:cNvGraphicFramePr><a:graphicFrameLocks xmlns:a="http://schemas.openxmlformats.org/drawingml/2006/main" noChangeAspect="1"/></wp:cNvGraphicFramePr><a:graphic xmlns:a="http://schemas.openxmlformats.org/drawingml/2006/main"><a:graphicData uri="http://schemas.openxmlformats.org/drawingml/2006/picture"><pic:pic xmlns:pic="http://schemas.openxmlformats.org/drawingml/2006/picture"><pic:nvPicPr><pic:cNvPr id="0" name="Picture 1"/><pic:cNvPicPr><a:picLocks noChangeAspect="1" noChangeArrowheads="1"/></pic:cNvPicPr></pic:nvPicPr><pic:blipFill><a:blip r:embed="rId5" cstate="print"/><a:srcRect/><a:stretch><a:fillRect/></a:stretch></pic:blipFill><pic:spPr bwMode="auto"><a:xfrm><a:off x="0" y="0"/><a:ext cx="2854325" cy="659765"/></a:xfrm><a:prstGeom prst="rect"><a:avLst/></a:prstGeom><a:noFill/><a:ln w="9525"><a:noFill/><a:miter lim="800000"/><a:headEnd/><a:tailEnd/></a:ln></pic:spPr></pic:pic></a:graphicData></a:graphic></wp:inline></w:drawing></w:r></w:p><w:p w:rsidR="0022445D" w:rsidRDefault="0022445D" w:rsidP="0022445D"><w:pPr><w:pStyle w:val="NoSpacing"/></w:pPr><w:r><w:t>Owen Dong,</w:t></w:r></w:p><w:p w:rsidR="0022445D" w:rsidRPr="0022445D" w:rsidRDefault="0022445D" w:rsidP="0022445D"><w:pPr><w:pStyle w:val="NoSpacing"/><w:rPr><w:i/></w:rPr></w:pPr><w:r w:rsidRPr="0022445D"><w:rPr><w:i/></w:rPr><w:t xml:space="preserve">Study Coordinator </w:t></w:r></w:p><w:p w:rsidR="0022445D" w:rsidRPr="0022445D" w:rsidRDefault="0022445D" w:rsidP="0022445D"><w:pPr><w:pStyle w:val="NoSpacing"/><w:rPr><w:i/></w:rPr></w:pPr><w:r w:rsidRPr="0022445D"><w:rPr><w:i/></w:rPr><w:t>Cornell University</w:t></w:r></w:p><w:p w:rsidR="0022445D" w:rsidRPr="0022445D" w:rsidRDefault="0022445D" w:rsidP="0022445D"><w:pPr><w:pStyle w:val="NoSpacing"/><w:rPr><w:i/></w:rPr></w:pPr><w:r w:rsidRPr="0022445D"><w:rPr><w:i/></w:rPr><w:t>Class of 2013</w:t></w:r></w:p><w:p w:rsidR="0022445D" w:rsidRDefault="0022445D" w:rsidP="0022445D"><w:pPr><w:pStyle w:val="NoSpacing"/></w:pPr></w:p><w:p w:rsidR="0022445D" w:rsidRDefault="00B32F5D" w:rsidP="009D48A6"><w:r><w:t xml:space="preserve">Email: </w:t></w:r><w:r w:rsidRPr="009256F3"><w:t>osd3@cornell.edu</w:t></w:r><w:r><w:t xml:space="preserve"> </w:t></w:r></w:p><w:sectPr w:rsidR="0022445D" w:rsidSect="003F0724"><w:pgSz w:w="12240" w:h="15840"/><w:pgMar w:top="1440" w:right="1440" w:bottom="1440" w:left="1440" w:header="720" w:footer="720" w:gutter="0"/><w:cols w:space="720"/><w:docGrid w:linePitch="360"/></w:sectPr></w:body></w:document>