<?xml version="1.0" encoding="UTF-8" standalone="yes"?>
<cp:coreProperties xmlns:cp="http://schemas.openxmlformats.org/package/2006/metadata/core-properties" xmlns:dc="http://purl.org/dc/elements/1.1/" xmlns:dcterms="http://purl.org/dc/terms/" xmlns:dcmitype="http://purl.org/dc/dcmitype/" xmlns:xsi="http://www.w3.org/2001/XMLSchema-instance"><dc:creator>Adam Tow</dc:creator><cp:lastModifiedBy>Jeffrey Lipton</cp:lastModifiedBy><cp:revision>4</cp:revision><dcterms:created xsi:type="dcterms:W3CDTF">2012-08-01T18:50:00Z</dcterms:created><dcterms:modified xsi:type="dcterms:W3CDTF">2012-08-01T19:16:00Z</dcterms:modified></cp:coreProperties>